,EPA,airEPA,yacEPA,Home_WP_pre,Away_WP_pre,Home_WP_post,Away_WP_post,Win_Prob,WPA,airWPA,yacWPA,Season
0,2.014473905391463,,,0.4856749860969135,0.5143250139030865,0.5464328397122977,0.4535671602877023,0.4856749860969135,0.0607578536153842,,,2009
1,0.0779071580166195,-1.0681686475721817,1.1460758055888012,0.5464328397122977,0.4535671602877023,0.5510878171614882,0.4489121828385117,0.5464328397122977,0.0046549774491905,-0.0322439869661942,0.0368989644153847,2009
2,-1.4027598314188183,,,0.5510878171614882,0.4489121828385117,0.5107930906986009,0.4892069093013991,0.5510878171614882,-0.0402947264628873,,,2009
3,-1.7125834938947782,3.3188410883517703,-5.031424582246548,0.5107930906986009,0.4892069093013991,0.4612171140114365,0.5387828859885635,0.5107930906986009,-0.0495759766871644,0.1066625552993268,-0.1562385319864913,2009
4,2.097795973997438,,,0.4612171140114365,0.5387828859885635,0.5589294012224711,0.4410705987775288,0.4612171140114365,0.0977122872110346,,,2009
